{"cameraMode":{"drawMode":0,"name":"Shaded","section":"Shading Mode"},"sceneLighting":true,"audioPlay":false,"sceneViewState":{"m_AlwaysRefresh":false,"showFog":true,"showSkybox":true,"showFlares":true,"showImageEffects":true,"showParticleSystems":true,"showVisualEffectGraphs":true,"m_FxEnabled":true},"in2DMode":false,"pivot":{"x":-4.275577545166016,"y":9.843318939208985,"z":-7.468083381652832},"rotation":{"x":0.08568832278251648,"y":0.011955992318689824,"z":-0.001019989256747067,"w":0.9962651133537293},"size":17.54819679260254,"orthographic":true}