{"cameraMode":{"drawMode":0,"name":"Shaded","section":"Shading Mode"},"sceneLighting":true,"audioPlay":false,"sceneViewState":{"m_AlwaysRefresh":false,"showFog":true,"showSkybox":true,"showFlares":true,"showImageEffects":true,"showParticleSystems":true,"showVisualEffectGraphs":true,"m_FxEnabled":true},"in2DMode":false,"pivot":{"x":-3.231107473373413,"y":1.3378334045410157,"z":11.71776294708252},"rotation":{"x":0.44833970069885256,"y":0.017160292714834214,"z":-0.008609190583229065,"w":0.8936595916748047},"size":41.303951263427737,"orthographic":false}