{"cameraMode":{"drawMode":0,"name":"Shaded","section":"Shading Mode"},"sceneLighting":false,"audioPlay":false,"sceneViewState":{"m_AlwaysRefresh":false,"showFog":true,"showSkybox":false,"showFlares":true,"showImageEffects":true,"showParticleSystems":true,"showVisualEffectGraphs":true,"m_FxEnabled":true},"in2DMode":false,"pivot":{"x":0.06042206287384033,"y":1.910237193107605,"z":-1.0478365421295167},"rotation":{"x":0.00002161955308110919,"y":0.9999571442604065,"z":0.009001785889267922,"w":-0.0024037021212279798},"size":2.2128305435180666,"orthographic":true}